{"Actor Loss":NaN,"_step":9,"Average Episodic N-Reward":0.11057788771228523,"_wandb":{"runtime":521},"_runtime":512.155560576,"Min Loss":NaN,"Critic Loss":38.99532920694351,"Average Episodic Reward":339.6114258938033,"BC Loss 2":649.8065596278757,"BC Loss":0.05958538753576577,"_timestamp":1.7360453036212654e+09,"QL Loss":NaN}