{"_wandb":{"runtime":1853},"Min Loss":NaN,"_timestamp":1.7360471405414257e+09,"Actor Loss":NaN,"BC Loss":0.045506886233016845,"Average Episodic N-Reward":0.31029092546964737,"Average Episodic Reward":989.5919475263336,"QL Loss":NaN,"Critic Loss":19.958247731971742,"BC Loss 2":463.3108752463013,"_runtime":1818.323727135,"_step":39}