{"_wandb":{"runtime":27207},"BC Loss":0.038013002023566514,"BC Loss 2":430.48040938656777,"QL Loss":NaN,"_step":399,"Average Episodic Reward":1820.3190861629064,"_runtime":27206.890780231,"Average Episodic N-Reward":0.5655401750746805,"Critic Loss":5.940493194687367,"Actor Loss":NaN,"_timestamp":1.736083797880216e+09,"Min Loss":NaN}