{"BC Loss 2":466.9313691239804,"Min Loss":NaN,"QL Loss":NaN,"Average Episodic Reward":1205.2390660103317,"_timestamp":1.7360517369419532e+09,"_runtime":4556.53153541,"Critic Loss":9.27888756198883,"_wandb":{"runtime":4662},"Average Episodic N-Reward":0.3765506666198745,"Actor Loss":NaN,"_step":69,"BC Loss":0.04142314685303718}