{"Average Episodic N-Reward":0.42075388516390694,"Average Episodic Reward":1349.101636875602,"QL Loss":NaN,"BC Loss":0.04145620390465483,"_timestamp":1.73605653428611e+09,"_runtime":4603.170831713,"Actor Loss":NaN,"_wandb":{"runtime":4636},"Min Loss":NaN,"_step":69,"Critic Loss":8.777961162889003,"BC Loss 2":469.4721438139677}