{"_wandb":{"runtime":566},"BC Loss":0.05719657688178122,"Critic Loss":2.863845486024022,"BC Loss 2":598.9911068324,"Average Episodic Reward":267.19691302076933,"Min Loss":NaN,"_runtime":549.629316757,"_timestamp":1.7360447191757636e+09,"Average Episodic N-Reward":0.08832780196007024,"_step":11,"Actor Loss":NaN,"QL Loss":NaN}